{
  "best_val_psnr": 31.00744342803955,
  "best_iter": 100000,
  "best_ckpt_path": "/workspace/exp_ips_github/logs/100k_muon_lr/ship/aux-sign-auto-cos-inc/lr0p0003_decay100_mlr0.0003_args/ship_aux-sign-auto-cos-inc_100k_muonlr0p0011626741_adam0p0004101824_decay323_trial017/best.tar",
  "lrate": 0.000410182356788973,
  "muon_lrate": 0.001162674122682267,
  "expname": "ship_aux-sign-auto-cos-inc_100k_muonlr0p0011626741_adam0p0004101824_decay323_trial017",
  "N_iters": 100000,
  "eval_every": 5000,
  "max_eval_views": 2,
  "elapsed_sec": 8027.736651420593,
  "optimizer": "aux-sign-auto-cos-inc",
  "seed": 0
}