{
  "best_val_psnr": 38.67446327209473,
  "best_iter": 100000,
  "best_ckpt_path": "/home/greenx9/nerf-pytorch/exp_ips_github/logs/100k_muon_lr/hotdog/aux-sign-auto-cos-inc/lr0p0003_decay100_mlr0.0003_args/hotdog_aux-sign-auto-cos-inc_100k_muonlr0p0015174629_adam0p0021051492_decay343_trial019/best.tar",
  "lrate": 0.002105149161660126,
  "muon_lrate": 0.0015174629271448251,
  "expname": "hotdog_aux-sign-auto-cos-inc_100k_muonlr0p0015174629_adam0p0021051492_decay343_trial019",
  "N_iters": 100000,
  "eval_every": 5000,
  "max_eval_views": 2,
  "elapsed_sec": 12926.503252267838,
  "optimizer": "aux-sign-auto-cos-inc",
  "seed": 0
}