{
  "best_val_psnr": 30.40167999267578,
  "best_iter": 100000,
  "best_ckpt_path": "/workspace/exp_ips_github/logs/100k_muon_lr/materials/aux-sign-auto-cos-inc/lr0p0003_decay100_mlr0.0003_args/materials_aux-sign-auto-cos-inc_100k_muonlr0p0027245894_adam0p00189391_decay188_trial014/best.tar",
  "lrate": 0.0018939099835802965,
  "muon_lrate": 0.0027245894069031894,
  "expname": "materials_aux-sign-auto-cos-inc_100k_muonlr0p0027245894_adam0p00189391_decay188_trial014",
  "N_iters": 100000,
  "eval_every": 5000,
  "max_eval_views": 2,
  "elapsed_sec": 7681.1279418468475,
  "optimizer": "aux-sign-auto-cos-inc",
  "seed": 0
}