{
  "best_val_psnr": 27.80306625366211,
  "best_iter": 100000,
  "best_ckpt_path": "/workspace/exp_ips_github/logs/100k_muon_lr/drums/aux-sign-auto-cos-inc/lr0p0003_decay100_mlr0.0003_args/drums_aux-sign-auto-cos-inc_100k_muonlr0p0026909121_adam0p0003143806_decay155_trial005/best.tar",
  "lrate": 0.00031438059122156694,
  "muon_lrate": 0.002690912124985378,
  "expname": "drums_aux-sign-auto-cos-inc_100k_muonlr0p0026909121_adam0p0003143806_decay155_trial005",
  "N_iters": 100000,
  "eval_every": 5000,
  "max_eval_views": 2,
  "elapsed_sec": 7857.491466760635,
  "optimizer": "aux-sign-auto-cos-inc",
  "seed": 0
}