{
  "best_val_psnr": 27.66238498687744,
  "best_iter": 100000,
  "best_ckpt_path": "logs/train_103/drums_aux-sign-auto-cos-inc_100k_muonlr0p0045141023_adam0p0008216909_decay457_trial003/best.tar",
  "lrate": 0.0008216908785704095,
  "muon_lrate": 0.004514102265895567,
  "expname": "drums_aux-sign-auto-cos-inc_100k_muonlr0p0045141023_adam0p0008216909_decay457_trial003",
  "N_iters": 100000,
  "eval_every": 10000,
  "max_eval_views": 2,
  "elapsed_sec": 12611.32847905159,
  "optimizer": "aux-sign-auto-cos-inc",
  "seed": 0
}