{
  "best_val_psnr": 27.941954612731934,
  "best_iter": 100000,
  "best_ckpt_path": "/workspace/exp_ips_github/logs/100k_muon_lr/drums/aux-sign-auto-cos-inc/lr0p0003_decay100_mlr0.0003_args/drums_aux-sign-auto-cos-inc_100k_muonlr0p0017119877_adam0p0016560008_decay172_trial015/best.tar",
  "lrate": 0.0016560008360465156,
  "muon_lrate": 0.0017119876816584284,
  "expname": "drums_aux-sign-auto-cos-inc_100k_muonlr0p0017119877_adam0p0016560008_decay172_trial015",
  "N_iters": 100000,
  "eval_every": 5000,
  "max_eval_views": 2,
  "elapsed_sec": 7633.05647444725,
  "optimizer": "aux-sign-auto-cos-inc",
  "seed": 0
}