{
  "best_val_psnr": 27.91986656188965,
  "best_iter": 100000,
  "best_ckpt_path": "/workspace/exp_ips_github/logs/100k_muon_lr/drums/aux-sign-auto-cos-inc/lr0p0003_decay100_mlr0.0003_args/drums_aux-sign-auto-cos-inc_100k_muonlr0p0027592053_adam0p0008216909_decay457_trial002/best.tar",
  "lrate": 0.0008216908785704095,
  "muon_lrate": 0.0027592052977704327,
  "expname": "drums_aux-sign-auto-cos-inc_100k_muonlr0p0027592053_adam0p0008216909_decay457_trial002",
  "N_iters": 100000,
  "eval_every": 5000,
  "max_eval_views": 2,
  "elapsed_sec": 7802.077905893326,
  "optimizer": "aux-sign-auto-cos-inc",
  "seed": 0
}