{
  "best_val_psnr": 31.628740310668945,
  "best_iter": 100000,
  "best_ckpt_path": "/home/greenx9/nerf-pytorch/exp_ips_github/logs/100k_muon_lr/mic/aux-sign-auto-cos-inc/lr0p0003_decay100_mlr0.0003_args/mic_aux-sign-auto-cos-inc_100k_muonlr0p000730836_adam0p0021399817_decay284_trial009/best.tar",
  "lrate": 0.0021399816882859213,
  "muon_lrate": 0.0007308359664212255,
  "expname": "mic_aux-sign-auto-cos-inc_100k_muonlr0p000730836_adam0p0021399817_decay284_trial009",
  "N_iters": 100000,
  "eval_every": 5000,
  "max_eval_views": 2,
  "elapsed_sec": 12958.653587818146,
  "optimizer": "aux-sign-auto-cos-inc",
  "seed": 0
}