{
  "best_val_psnr": 30.73140048980713,
  "best_iter": 100000,
  "best_ckpt_path": "/workspace/exp_ips_github/logs/100k_muon_lr/ship/aux-sign-auto-cos-inc/lr0p0003_decay100_mlr0.0003_args/ship_aux-sign-auto-cos-inc_100k_muonlr0p0009285151_adam0p0003928303_decay362_trial014/best.tar",
  "lrate": 0.00039283034346079566,
  "muon_lrate": 0.0009285151080066723,
  "expname": "ship_aux-sign-auto-cos-inc_100k_muonlr0p0009285151_adam0p0003928303_decay362_trial014",
  "N_iters": 100000,
  "eval_every": 5000,
  "max_eval_views": 2,
  "elapsed_sec": 8082.113311290741,
  "optimizer": "aux-sign-auto-cos-inc",
  "seed": 0
}