{
  "best_val_psnr": 27.990696907043457,
  "best_iter": 100000,
  "best_ckpt_path": "/workspace/exp_ips_github/logs/100k_muon_lr/drums/aux-sign-auto-cos-inc/lr0p0003_decay100_mlr0.0003_args/drums_aux-sign-auto-cos-inc_100k_muonlr0p0016351994_adam0p0017548572_decay199_trial011/best.tar",
  "lrate": 0.0017548572377658303,
  "muon_lrate": 0.001635199446373098,
  "expname": "drums_aux-sign-auto-cos-inc_100k_muonlr0p0016351994_adam0p0017548572_decay199_trial011",
  "N_iters": 100000,
  "eval_every": 5000,
  "max_eval_views": 2,
  "elapsed_sec": 8021.3020079135895,
  "optimizer": "aux-sign-auto-cos-inc",
  "seed": 0
}