{
  "best_val_psnr": 27.930079460144043,
  "best_iter": 100000,
  "best_ckpt_path": "/workspace/exp_ips_github/logs/100k_muon_lr/drums/aux-sign-auto-cos-inc/lr0p0003_decay100_mlr0.0003_args/drums_aux-sign-auto-cos-inc_100k_muonlr0p0018529625_adam0p0015288108_decay315_trial014/best.tar",
  "lrate": 0.0015288107660314468,
  "muon_lrate": 0.0018529625116746901,
  "expname": "drums_aux-sign-auto-cos-inc_100k_muonlr0p0018529625_adam0p0015288108_decay315_trial014",
  "N_iters": 100000,
  "eval_every": 5000,
  "max_eval_views": 2,
  "elapsed_sec": 8019.850138902664,
  "optimizer": "aux-sign-auto-cos-inc",
  "seed": 0
}