{
  "best_val_psnr": 29.186813354492188,
  "best_iter": 100000,
  "best_ckpt_path": "/workspace/exp_ips_github/logs/100k_muon_lr/lego/aux-sign-auto-cos-inc/lr0p0003_decay100_mlr0.0003_args/lego_aux-sign-auto-cos-inc_100k_muonlr0p0003681557_adam0p0003439496_decay138_trial009/best.tar",
  "lrate": 0.0003439496417731218,
  "muon_lrate": 0.0003681556505036925,
  "expname": "lego_aux-sign-auto-cos-inc_100k_muonlr0p0003681557_adam0p0003439496_decay138_trial009",
  "N_iters": 100000,
  "eval_every": 5000,
  "max_eval_views": 2,
  "elapsed_sec": 7727.030767917633,
  "optimizer": "aux-sign-auto-cos-inc",
  "seed": 0
}