{
  "best_val_psnr": 29.37833309173584,
  "best_iter": 100000,
  "best_ckpt_path": "/home/greenx9/nerf-pytorch/exp_ips_github/logs/100k_muon_lr/ficus/aux-sign-auto-cos-inc/lr0p0003_decay100_mlr0.0003_args/ficus_aux-sign-auto-cos-inc_100k_muonlr0p0021112732_adam0p0004574103_decay129_trial011/best.tar",
  "lrate": 0.00045741030960892004,
  "muon_lrate": 0.0021112732276057943,
  "expname": "ficus_aux-sign-auto-cos-inc_100k_muonlr0p0021112732_adam0p0004574103_decay129_trial011",
  "N_iters": 100000,
  "eval_every": 5000,
  "max_eval_views": 2,
  "elapsed_sec": 12393.18738746643,
  "optimizer": "aux-sign-auto-cos-inc",
  "seed": 0
}