{
  "best_val_psnr": 30.55301284790039,
  "best_iter": 100000,
  "best_ckpt_path": "/workspace/exp_ips_github/logs/100k_muon_lr/materials/aux-sign-auto-cos-inc/lr0p0003_decay100_mlr0.0003_args/materials_aux-sign-auto-cos-inc_100k_muonlr0p0032978317_adam0p0005283251_decay255_trial020/best.tar",
  "lrate": 0.0005283251356203727,
  "muon_lrate": 0.003297831667884783,
  "expname": "materials_aux-sign-auto-cos-inc_100k_muonlr0p0032978317_adam0p0005283251_decay255_trial020",
  "N_iters": 100000,
  "eval_every": 5000,
  "max_eval_views": 2,
  "elapsed_sec": 7678.206755638123,
  "optimizer": "aux-sign-auto-cos-inc",
  "seed": 0
}