{
  "best_val_psnr": 27.719900131225586,
  "best_iter": 100000,
  "best_ckpt_path": "/workspace/exp_ips_github/logs/100k_muon_lr/drums/aux-sign-auto-cos-inc/lr0p0003_decay100_mlr0.0003_args/drums_aux-sign-auto-cos-inc_100k_muonlr0p0013284672_adam0p0007253753_decay417_trial004/best.tar",
  "lrate": 0.0007253753172998836,
  "muon_lrate": 0.001328467245876384,
  "expname": "drums_aux-sign-auto-cos-inc_100k_muonlr0p0013284672_adam0p0007253753_decay417_trial004",
  "N_iters": 100000,
  "eval_every": 5000,
  "max_eval_views": 2,
  "elapsed_sec": 7883.654151439667,
  "optimizer": "aux-sign-auto-cos-inc",
  "seed": 0
}