{
  "best_val_psnr": 29.34657573699951,
  "best_iter": 100000,
  "best_ckpt_path": "/home/greenx9/nerf-pytorch/exp_ips_github/logs/100k_muon_lr/ficus/aux-sign-auto-cos-inc/lr0p0003_decay100_mlr0.0003_args/ficus_aux-sign-auto-cos-inc_100k_muonlr0p0030976752_adam0p0006394317_decay496_trial017/best.tar",
  "lrate": 0.0006394317431824077,
  "muon_lrate": 0.003097675170160024,
  "expname": "ficus_aux-sign-auto-cos-inc_100k_muonlr0p0030976752_adam0p0006394317_decay496_trial017",
  "N_iters": 100000,
  "eval_every": 5000,
  "max_eval_views": 2,
  "elapsed_sec": 12787.85234618187,
  "optimizer": "aux-sign-auto-cos-inc",
  "seed": 0
}