{
  "best_val_psnr": 31.45552349090576,
  "best_iter": 100000,
  "best_ckpt_path": "/workspace/exp_ips_github/logs/100k_muon_lr/lego/aux-sign-auto-cos-inc/lr0p0003_decay100_mlr0.0003_args/lego_aux-sign-auto-cos-inc_100k_muonlr0p0016353358_adam0p0010615361_decay386_trial002/best.tar",
  "lrate": 0.0010615360772719654,
  "muon_lrate": 0.001635335754309247,
  "expname": "lego_aux-sign-auto-cos-inc_100k_muonlr0p0016353358_adam0p0010615361_decay386_trial002",
  "N_iters": 100000,
  "eval_every": 5000,
  "max_eval_views": 2,
  "elapsed_sec": 7695.820337295532,
  "optimizer": "aux-sign-auto-cos-inc",
  "seed": 0
}