{
  "best_val_psnr": 29.795114517211914,
  "best_iter": 100000,
  "best_ckpt_path": "/workspace/exp_ips_github/logs/100k_muon_lr/materials/aux-sign-auto-cos-inc/lr0p0003_decay100_mlr0.0003_args/materials_aux-sign-auto-cos-inc_100k_muonlr0p0007393302_adam0p0018134447_decay200_trial011/best.tar",
  "lrate": 0.001813444700888134,
  "muon_lrate": 0.0007393301879526177,
  "expname": "materials_aux-sign-auto-cos-inc_100k_muonlr0p0007393302_adam0p0018134447_decay200_trial011",
  "N_iters": 100000,
  "eval_every": 5000,
  "max_eval_views": 2,
  "elapsed_sec": 7676.555490493774,
  "optimizer": "aux-sign-auto-cos-inc",
  "seed": 0
}