{
  "best_val_psnr": 27.640987396240234,
  "best_iter": 100000,
  "best_ckpt_path": "/workspace/exp_ips_github/logs/100k_muon_lr/drums/aux-sign-auto-cos-inc/lr0p0003_decay100_mlr0.0003_args/drums_aux-sign-auto-cos-inc_100k_muonlr0p0009665962_adam0p0015471634_decay327_trial014/best.tar",
  "lrate": 0.0015471633944361626,
  "muon_lrate": 0.0009665961867356857,
  "expname": "drums_aux-sign-auto-cos-inc_100k_muonlr0p0009665962_adam0p0015471634_decay327_trial014",
  "N_iters": 100000,
  "eval_every": 5000,
  "max_eval_views": 2,
  "elapsed_sec": 7597.565565109253,
  "optimizer": "aux-sign-auto-cos-inc",
  "seed": 0
}