{
  "best_val_psnr": 27.890230178833008,
  "best_iter": 100000,
  "best_ckpt_path": "/workspace/exp_ips_github/logs/100k_muon_lr/drums/aux-sign-auto-cos-inc/lr0p0003_decay100_mlr0.0003_args/drums_aux-sign-auto-cos-inc_100k_muonlr0p0024331892_adam0p0005646538_decay238_trial011/best.tar",
  "lrate": 0.0005646537647516751,
  "muon_lrate": 0.0024331891771541534,
  "expname": "drums_aux-sign-auto-cos-inc_100k_muonlr0p0024331892_adam0p0005646538_decay238_trial011",
  "N_iters": 100000,
  "eval_every": 5000,
  "max_eval_views": 2,
  "elapsed_sec": 7601.570024728775,
  "optimizer": "aux-sign-auto-cos-inc",
  "seed": 0
}