{
  "best_val_psnr": 32.18314743041992,
  "best_iter": 100000,
  "best_ckpt_path": "/workspace/exp_ips_github/logs/100k_muon_lr/mic/aux-sign-auto-cos-inc/lr0p0003_decay100_mlr0.0003_args/mic_aux-sign-auto-cos-inc_100k_muonlr0p0027291848_adam0p0027499328_decay219_trial012/best.tar",
  "lrate": 0.0027499328407301136,
  "muon_lrate": 0.0027291847971812493,
  "expname": "mic_aux-sign-auto-cos-inc_100k_muonlr0p0027291848_adam0p0027499328_decay219_trial012",
  "N_iters": 100000,
  "eval_every": 5000,
  "max_eval_views": 2,
  "elapsed_sec": 8091.910458087921,
  "optimizer": "aux-sign-auto-cos-inc",
  "seed": 0
}