{
  "best_val_psnr": 29.27250862121582,
  "best_iter": 100000,
  "best_ckpt_path": "/home/greenx9/nerf-pytorch/exp_ips_github/logs/100k_muon_lr/ficus/aux-sign-auto-cos-inc/lr0p0003_decay100_mlr0.0003_args/ficus_aux-sign-auto-cos-inc_100k_muonlr0p0025778959_adam0p0023051783_decay338_trial019/best.tar",
  "lrate": 0.0023051783092912963,
  "muon_lrate": 0.002577895857881722,
  "expname": "ficus_aux-sign-auto-cos-inc_100k_muonlr0p0025778959_adam0p0023051783_decay338_trial019",
  "N_iters": 100000,
  "eval_every": 5000,
  "max_eval_views": 2,
  "elapsed_sec": 12694.572443962097,
  "optimizer": "aux-sign-auto-cos-inc",
  "seed": 0
}