{
  "best_val_psnr": 31.2466402053833,
  "best_iter": 100000,
  "best_ckpt_path": "/workspace/exp_ips_github/logs/100k_muon_lr/ship/aux-sign-auto-cos-inc/lr0p0003_decay100_mlr0.0003_args/ship_aux-sign-auto-cos-inc_100k_muonlr0p0019653453_adam0p0003000554_decay240_trial019/best.tar",
  "lrate": 0.00030005537616108077,
  "muon_lrate": 0.001965345315374056,
  "expname": "ship_aux-sign-auto-cos-inc_100k_muonlr0p0019653453_adam0p0003000554_decay240_trial019",
  "N_iters": 100000,
  "eval_every": 5000,
  "max_eval_views": 2,
  "elapsed_sec": 8123.98904299736,
  "optimizer": "aux-sign-auto-cos-inc",
  "seed": 0
}