{
  "best_val_psnr": 27.9689884185791,
  "best_iter": 100000,
  "best_ckpt_path": "/workspace/exp_ips_github/logs/100k_muon_lr/drums/aux-sign-auto-cos-inc/lr0p0003_decay100_mlr0.0003_args/drums_aux-sign-auto-cos-inc_100k_muonlr0p0013743423_adam0p0020652082_decay163_trial017/best.tar",
  "lrate": 0.002065208206300762,
  "muon_lrate": 0.0013743422940680234,
  "expname": "drums_aux-sign-auto-cos-inc_100k_muonlr0p0013743423_adam0p0020652082_decay163_trial017",
  "N_iters": 100000,
  "eval_every": 5000,
  "max_eval_views": 2,
  "elapsed_sec": 8009.189871311188,
  "optimizer": "aux-sign-auto-cos-inc",
  "seed": 0
}