{
  "best_val_psnr": 32.117197036743164,
  "best_iter": 100000,
  "best_ckpt_path": "/workspace/exp_ips_github/logs/100k_muon_lr/mic/aux-sign-auto-cos-inc/lr0p0003_decay100_mlr0.0003_args/mic_aux-sign-auto-cos-inc_100k_muonlr0p001256232_adam0p0029733924_decay164_trial016/best.tar",
  "lrate": 0.002973392409099086,
  "muon_lrate": 0.00125623202023004,
  "expname": "mic_aux-sign-auto-cos-inc_100k_muonlr0p001256232_adam0p0029733924_decay164_trial016",
  "N_iters": 100000,
  "eval_every": 5000,
  "max_eval_views": 2,
  "elapsed_sec": 8029.737116098404,
  "optimizer": "aux-sign-auto-cos-inc",
  "seed": 0
}