{
  "best_val_psnr": 31.998785972595215,
  "best_iter": 100000,
  "best_ckpt_path": "/home/greenx9/nerf-pytorch/exp_ips_github/logs/100k_muon_lr/mic/aux-sign-auto-cos-inc/lr0p0003_decay100_mlr0.0003_args/mic_aux-sign-auto-cos-inc_100k_muonlr0p002353186_adam0p0004536829_decay104_trial010/best.tar",
  "lrate": 0.000453682908579571,
  "muon_lrate": 0.0023531859828563972,
  "expname": "mic_aux-sign-auto-cos-inc_100k_muonlr0p002353186_adam0p0004536829_decay104_trial010",
  "N_iters": 100000,
  "eval_every": 5000,
  "max_eval_views": 2,
  "elapsed_sec": 12501.734599351883,
  "optimizer": "aux-sign-auto-cos-inc",
  "seed": 0
}