{
  "best_val_psnr": 29.099452018737793,
  "best_iter": 100000,
  "best_ckpt_path": "/home/greenx9/nerf-pytorch/exp_ips_github/logs/100k_muon_lr/ship/aux-sign-auto-cos-inc/lr0p0003_decay100_mlr0.0003_args/ship_aux-sign-auto-cos-inc_100k_muonlr0p0003636926_adam0p0003141717_decay227_trial006/best.tar",
  "lrate": 0.00031417172594439365,
  "muon_lrate": 0.0003636925892547774,
  "expname": "ship_aux-sign-auto-cos-inc_100k_muonlr0p0003636926_adam0p0003141717_decay227_trial006",
  "N_iters": 100000,
  "eval_every": 5000,
  "max_eval_views": 2,
  "elapsed_sec": 12685.540351629257,
  "optimizer": "aux-sign-auto-cos-inc",
  "seed": 0
}