{
  "best_val_psnr": 30.31513500213623,
  "best_iter": 100000,
  "best_ckpt_path": "/workspace/exp_ips_github/logs/100k_muon_lr/materials/aux-sign-auto-cos-inc/lr0p0003_decay100_mlr0.0003_args/materials_aux-sign-auto-cos-inc_100k_muonlr0p0045141023_adam0p0008216909_decay457_trial004/best.tar",
  "lrate": 0.0008216908785704095,
  "muon_lrate": 0.004514102265895567,
  "expname": "materials_aux-sign-auto-cos-inc_100k_muonlr0p0045141023_adam0p0008216909_decay457_trial004",
  "N_iters": 100000,
  "eval_every": 5000,
  "max_eval_views": 2,
  "elapsed_sec": 7687.080486059189,
  "optimizer": "aux-sign-auto-cos-inc",
  "seed": 0
}