{
  "best_val_psnr": 37.83872604370117,
  "best_iter": 100000,
  "best_ckpt_path": "/home/greenx9/nerf-pytorch/exp_ips_github/logs/100k_muon_lr/hotdog/aux-sign-auto-cos-inc/lr0p0003_decay100_mlr0.0003_args/hotdog_aux-sign-auto-cos-inc_100k_muonlr0p0006646271_adam0p0022543468_decay337_trial010/best.tar",
  "lrate": 0.002254346836116652,
  "muon_lrate": 0.0006646271302500596,
  "expname": "hotdog_aux-sign-auto-cos-inc_100k_muonlr0p0006646271_adam0p0022543468_decay337_trial010",
  "N_iters": 100000,
  "eval_every": 5000,
  "max_eval_views": 2,
  "elapsed_sec": 12616.273004770279,
  "optimizer": "aux-sign-auto-cos-inc",
  "seed": 0
}