{
  "best_val_psnr": 36.45707893371582,
  "best_iter": 100000,
  "best_ckpt_path": "/home/greenx9/nerf-pytorch/exp_ips_github/logs/100k_muon_lr/hotdog/aux-sign-auto-cos-inc/lr0p0003_decay100_mlr0.0003_args/hotdog_aux-sign-auto-cos-inc_100k_muonlr0p0003547221_adam0p0003346566_decay138_trial007/best.tar",
  "lrate": 0.0003346565669014132,
  "muon_lrate": 0.00035472207152279926,
  "expname": "hotdog_aux-sign-auto-cos-inc_100k_muonlr0p0003547221_adam0p0003346566_decay138_trial007",
  "N_iters": 100000,
  "eval_every": 5000,
  "max_eval_views": 2,
  "elapsed_sec": 12557.006086111069,
  "optimizer": "aux-sign-auto-cos-inc",
  "seed": 0
}