{
  "best_val_psnr": 31.28423309326172,
  "best_iter": 100000,
  "best_ckpt_path": "/workspace/exp_ips_github/logs/100k_muon_lr/ship/aux-sign-auto-cos-inc/lr0p0003_decay100_mlr0.0003_args/ship_aux-sign-auto-cos-inc_100k_muonlr0p0025632393_adam0p0004840935_decay102_trial012/best.tar",
  "lrate": 0.00048409351102394446,
  "muon_lrate": 0.0025632393008060087,
  "expname": "ship_aux-sign-auto-cos-inc_100k_muonlr0p0025632393_adam0p0004840935_decay102_trial012",
  "N_iters": 100000,
  "eval_every": 5000,
  "max_eval_views": 2,
  "elapsed_sec": 8074.816024780273,
  "optimizer": "aux-sign-auto-cos-inc",
  "seed": 0
}