{
  "best_val_psnr": 38.844770431518555,
  "best_iter": 100000,
  "best_ckpt_path": "/home/greenx9/nerf-pytorch/exp_ips_github/logs/100k_muon_lr/hotdog/aux-sign-auto-cos-inc/lr0p0003_decay100_mlr0.0003_args/hotdog_aux-sign-auto-cos-inc_100k_muonlr0p0022236206_adam0p0014265056_decay243_trial018/best.tar",
  "lrate": 0.0014265056027087768,
  "muon_lrate": 0.0022236205726516934,
  "expname": "hotdog_aux-sign-auto-cos-inc_100k_muonlr0p0022236206_adam0p0014265056_decay243_trial018",
  "N_iters": 100000,
  "eval_every": 5000,
  "max_eval_views": 2,
  "elapsed_sec": 12895.103693962097,
  "optimizer": "aux-sign-auto-cos-inc",
  "seed": 0
}