{
  "best_val_psnr": 31.2974853515625,
  "best_iter": 100000,
  "best_ckpt_path": "/workspace/exp_ips_github/logs/100k_muon_lr/ship/aux-sign-auto-cos-inc/lr0p0003_decay100_mlr0.0003_args/ship_aux-sign-auto-cos-inc_100k_muonlr0p0025614473_adam0p0004831211_decay171_trial013/best.tar",
  "lrate": 0.0004831210705640853,
  "muon_lrate": 0.002561447344946477,
  "expname": "ship_aux-sign-auto-cos-inc_100k_muonlr0p0025614473_adam0p0004831211_decay171_trial013",
  "N_iters": 100000,
  "eval_every": 5000,
  "max_eval_views": 2,
  "elapsed_sec": 8091.06999206543,
  "optimizer": "aux-sign-auto-cos-inc",
  "seed": 0
}