{
  "best_val_psnr": 28.00298309326172,
  "best_iter": 100000,
  "best_ckpt_path": "/workspace/exp_ips_github/logs/100k_muon_lr/drums/aux-sign-auto-cos-inc/lr0p0003_decay100_mlr0.0003_args/drums_aux-sign-auto-cos-inc_100k_muonlr0p0015557342_adam0p0020778326_decay144_trial016/best.tar",
  "lrate": 0.0020778325842156463,
  "muon_lrate": 0.0015557341979336068,
  "expname": "drums_aux-sign-auto-cos-inc_100k_muonlr0p0015557342_adam0p0020778326_decay144_trial016",
  "N_iters": 100000,
  "eval_every": 5000,
  "max_eval_views": 2,
  "elapsed_sec": 7591.6237943172455,
  "optimizer": "aux-sign-auto-cos-inc",
  "seed": 0
}