{
  "best_val_psnr": 30.345996856689453,
  "best_iter": 100000,
  "best_ckpt_path": "/workspace/exp_ips_github/logs/100k_muon_lr/materials/aux-sign-auto-cos-inc/lr0p0003_decay100_mlr0.0003_args/materials_aux-sign-auto-cos-inc_100k_muonlr0p0026178134_adam0p0027192204_decay222_trial013/best.tar",
  "lrate": 0.0027192203641234714,
  "muon_lrate": 0.002617813410197547,
  "expname": "materials_aux-sign-auto-cos-inc_100k_muonlr0p0026178134_adam0p0027192204_decay222_trial013",
  "N_iters": 100000,
  "eval_every": 5000,
  "max_eval_views": 2,
  "elapsed_sec": 7710.042159795761,
  "optimizer": "aux-sign-auto-cos-inc",
  "seed": 0
}