{
  "best_val_psnr": 26.080052375793457,
  "best_iter": 100000,
  "best_ckpt_path": "/workspace/exp_ips_github/logs/100k_muon_lr/drums/aux-sign-auto-cos-inc/lr0p0003_decay100_mlr0.0003_args/drums_aux-sign-auto-cos-inc_100k_muonlr0p0003636926_adam0p0003141717_decay227_trial007/best.tar",
  "lrate": 0.0003141717259443931,
  "muon_lrate": 0.0003636925892547774,
  "expname": "drums_aux-sign-auto-cos-inc_100k_muonlr0p0003636926_adam0p0003141717_decay227_trial007",
  "N_iters": 100000,
  "eval_every": 5000,
  "max_eval_views": 2,
  "elapsed_sec": 7817.920817375183,
  "optimizer": "aux-sign-auto-cos-inc",
  "seed": 0
}