{
  "best_val_psnr": 38.76652526855469,
  "best_iter": 100000,
  "best_ckpt_path": "/home/greenx9/nerf-pytorch/exp_ips_github/logs/100k_muon_lr/hotdog/aux-sign-auto-cos-inc/lr0p0003_decay100_mlr0.0003_args/hotdog_aux-sign-auto-cos-inc_100k_muonlr0p0017713892_adam0p0029582881_decay231_trial008/best.tar",
  "lrate": 0.0029582881396890246,
  "muon_lrate": 0.0017713892125344971,
  "expname": "hotdog_aux-sign-auto-cos-inc_100k_muonlr0p0017713892_adam0p0029582881_decay231_trial008",
  "N_iters": 100000,
  "eval_every": 5000,
  "max_eval_views": 2,
  "elapsed_sec": 12587.69639134407,
  "optimizer": "aux-sign-auto-cos-inc",
  "seed": 0
}