{
  "best_val_psnr": 31.69778060913086,
  "best_iter": 100000,
  "best_ckpt_path": "/workspace/exp_ips_github/logs/100k_muon_lr/lego/aux-sign-auto-cos-inc/lr0p0003_decay100_mlr0.0003_args/lego_aux-sign-auto-cos-inc_100k_muonlr0p0032850941_adam0p0015175536_decay335_trial017/best.tar",
  "lrate": 0.0015175536276467252,
  "muon_lrate": 0.0032850941199095217,
  "expname": "lego_aux-sign-auto-cos-inc_100k_muonlr0p0032850941_adam0p0015175536_decay335_trial017",
  "N_iters": 100000,
  "eval_every": 5000,
  "max_eval_views": 2,
  "elapsed_sec": 7704.211456537247,
  "optimizer": "aux-sign-auto-cos-inc",
  "seed": 0
}