{
  "best_val_psnr": 36.62622833251953,
  "best_iter": 100000,
  "best_ckpt_path": "/home/greenx9/nerf-pytorch/exp_ips_github/logs/100k_muon_lr/hotdog/aux-sign-auto-cos-inc/lr0p0003_decay100_mlr0.0003_args/hotdog_aux-sign-auto-cos-inc_100k_muonlr0p0003533111_adam0p0011095984_decay471_trial004/best.tar",
  "lrate": 0.0011095983846308643,
  "muon_lrate": 0.00035331112522565144,
  "expname": "hotdog_aux-sign-auto-cos-inc_100k_muonlr0p0003533111_adam0p0011095984_decay471_trial004",
  "N_iters": 100000,
  "eval_every": 5000,
  "max_eval_views": 2,
  "elapsed_sec": 12640.742416381836,
  "optimizer": "aux-sign-auto-cos-inc",
  "seed": 0
}