{
  "best_val_psnr": 38.7933406829834,
  "best_iter": 100000,
  "best_ckpt_path": "/home/greenx9/nerf-pytorch/exp_ips_github/logs/100k_muon_lr/hotdog/aux-sign-auto-cos-inc/lr0p0003_decay100_mlr0.0003_args/hotdog_aux-sign-auto-cos-inc_100k_muonlr0p0029259815_adam0p0003141717_decay111_trial006/best.tar",
  "lrate": 0.00031417172594439365,
  "muon_lrate": 0.002925981471069624,
  "expname": "hotdog_aux-sign-auto-cos-inc_100k_muonlr0p0029259815_adam0p0003141717_decay111_trial006",
  "N_iters": 100000,
  "eval_every": 5000,
  "max_eval_views": 2,
  "elapsed_sec": 12544.829698085785,
  "optimizer": "aux-sign-auto-cos-inc",
  "seed": 0
}