{
  "best_val_psnr": 31.187594413757324,
  "best_iter": 100000,
  "best_ckpt_path": "/workspace/exp_ips_github/logs/100k_muon_lr/ship/aux-sign-auto-cos-inc/lr0p0003_decay100_mlr0.0003_args/ship_aux-sign-auto-cos-inc_100k_muonlr0p0033797929_adam0p0006057484_decay194_trial018/best.tar",
  "lrate": 0.00060574835766302,
  "muon_lrate": 0.003379792857431029,
  "expname": "ship_aux-sign-auto-cos-inc_100k_muonlr0p0033797929_adam0p0006057484_decay194_trial018",
  "N_iters": 100000,
  "eval_every": 5000,
  "max_eval_views": 2,
  "elapsed_sec": 8119.229675292969,
  "optimizer": "aux-sign-auto-cos-inc",
  "seed": 0
}