{
  "best_val_psnr": 38.21756172180176,
  "best_iter": 100000,
  "best_ckpt_path": "/home/greenx9/nerf-pytorch/exp_ips_github/logs/100k_muon_lr/hotdog/aux-sign-auto-cos-inc/lr0p0003_decay100_mlr0.0003_args/hotdog_aux-sign-auto-cos-inc_100k_muonlr0p0010139491_adam0p0007253753_decay417_trial003/best.tar",
  "lrate": 0.0007253753172998836,
  "muon_lrate": 0.0010139491476424019,
  "expname": "hotdog_aux-sign-auto-cos-inc_100k_muonlr0p0010139491_adam0p0007253753_decay417_trial003",
  "N_iters": 100000,
  "eval_every": 5000,
  "max_eval_views": 2,
  "elapsed_sec": 12633.055657148361,
  "optimizer": "aux-sign-auto-cos-inc",
  "seed": 0
}