{
  "best_val_psnr": 27.994325637817383,
  "best_iter": 100000,
  "best_ckpt_path": "/workspace/exp_ips_github/logs/100k_muon_lr/drums/aux-sign-auto-cos-inc/lr0p0003_decay100_mlr0.0003_args/drums_aux-sign-auto-cos-inc_100k_muonlr0p0016101959_adam0p0015552069_decay203_trial010/best.tar",
  "lrate": 0.0015552069456077104,
  "muon_lrate": 0.0016101959218125913,
  "expname": "drums_aux-sign-auto-cos-inc_100k_muonlr0p0016101959_adam0p0015552069_decay203_trial010",
  "N_iters": 100000,
  "eval_every": 5000,
  "max_eval_views": 2,
  "elapsed_sec": 8030.359094381332,
  "optimizer": "aux-sign-auto-cos-inc",
  "seed": 0
}