{
  "best_val_psnr": 31.617013931274414,
  "best_iter": 100000,
  "best_ckpt_path": "/home/greenx9/nerf-pytorch/exp_ips_github/logs/100k_muon_lr/mic/aux-sign-auto-cos-inc/lr0p0003_decay100_mlr0.0003_args/mic_aux-sign-auto-cos-inc_100k_muonlr0p0008144253_adam0p0014856177_decay331_trial011/best.tar",
  "lrate": 0.0014856177368056476,
  "muon_lrate": 0.0008144252902731651,
  "expname": "mic_aux-sign-auto-cos-inc_100k_muonlr0p0008144253_adam0p0014856177_decay331_trial011",
  "N_iters": 100000,
  "eval_every": 5000,
  "max_eval_views": 2,
  "elapsed_sec": 12575.86540722847,
  "optimizer": "aux-sign-auto-cos-inc",
  "seed": 0
}