{
  "best_val_psnr": 31.3250789642334,
  "best_iter": 100000,
  "best_ckpt_path": "/workspace/exp_ips_github/logs/100k_muon_lr/ship/aux-sign-auto-cos-inc/lr0p0003_decay100_mlr0.0003_args/ship_aux-sign-auto-cos-inc_100k_muonlr0p0023743562_adam0p0015915476_decay139_trial016/best.tar",
  "lrate": 0.0015915476453185748,
  "muon_lrate": 0.002374356220498686,
  "expname": "ship_aux-sign-auto-cos-inc_100k_muonlr0p0023743562_adam0p0015915476_decay139_trial016",
  "N_iters": 100000,
  "eval_every": 5000,
  "max_eval_views": 2,
  "elapsed_sec": 8096.440505981445,
  "optimizer": "aux-sign-auto-cos-inc",
  "seed": 0
}