{
  "best_val_psnr": 27.950749397277832,
  "best_iter": 100000,
  "best_ckpt_path": "/workspace/exp_ips_github/logs/100k_muon_lr/drums/aux-sign-auto-cos-inc/lr0p0003_decay100_mlr0.0003_args/drums_aux-sign-auto-cos-inc_100k_muonlr0p002161055_adam0p0013258258_decay248_trial016/best.tar",
  "lrate": 0.0013258257875009593,
  "muon_lrate": 0.002161055020092052,
  "expname": "drums_aux-sign-auto-cos-inc_100k_muonlr0p002161055_adam0p0013258258_decay248_trial016",
  "N_iters": 100000,
  "eval_every": 5000,
  "max_eval_views": 2,
  "elapsed_sec": 8037.363182783127,
  "optimizer": "aux-sign-auto-cos-inc",
  "seed": 0
}