{
  "best_val_psnr": 29.047962188720703,
  "best_iter": 100000,
  "best_ckpt_path": "/home/greenx9/nerf-pytorch/exp_ips_github/logs/100k_muon_lr/ficus/aux-sign-auto-cos-inc/lr0p0003_decay100_mlr0.0003_args/ficus_aux-sign-auto-cos-inc_100k_muonlr0p0008946168_adam0p001493752_decay393_trial009/best.tar",
  "lrate": 0.0014937519612696593,
  "muon_lrate": 0.0008946167893901963,
  "expname": "ficus_aux-sign-auto-cos-inc_100k_muonlr0p0008946168_adam0p001493752_decay393_trial009",
  "N_iters": 100000,
  "eval_every": 5000,
  "max_eval_views": 2,
  "elapsed_sec": 12412.03501033783,
  "optimizer": "aux-sign-auto-cos-inc",
  "seed": 0
}