{
  "best_val_psnr": 30.344432830810547,
  "best_iter": 100000,
  "best_ckpt_path": "/workspace/exp_ips_github/logs/100k_muon_lr/materials/aux-sign-auto-cos-inc/lr0p0003_decay100_mlr0.0003_args/materials_aux-sign-auto-cos-inc_100k_muonlr0p0048466298_adam0p0025513005_decay111_trial008/best.tar",
  "lrate": 0.0025513004740846646,
  "muon_lrate": 0.004846629789555252,
  "expname": "materials_aux-sign-auto-cos-inc_100k_muonlr0p0048466298_adam0p0025513005_decay111_trial008",
  "N_iters": 100000,
  "eval_every": 5000,
  "max_eval_views": 2,
  "elapsed_sec": 7704.04593873024,
  "optimizer": "aux-sign-auto-cos-inc",
  "seed": 0
}