{
  "best_val_psnr": 29.320982933044434,
  "best_iter": 100000,
  "best_ckpt_path": "/home/greenx9/nerf-pytorch/exp_ips_github/logs/100k_muon_lr/ship/aux-sign-auto-cos-inc/lr0p0003_decay100_mlr0.0003_args/ship_aux-sign-auto-cos-inc_100k_muonlr0p0003663672_adam0p0011095984_decay471_trial004/best.tar",
  "lrate": 0.0011095983846308643,
  "muon_lrate": 0.0003663671900803624,
  "expname": "ship_aux-sign-auto-cos-inc_100k_muonlr0p0003663672_adam0p0011095984_decay471_trial004",
  "N_iters": 100000,
  "eval_every": 5000,
  "max_eval_views": 2,
  "elapsed_sec": 12585.683879613876,
  "optimizer": "aux-sign-auto-cos-inc",
  "seed": 0
}