{
  "best_val_psnr": 31.718570709228516,
  "best_iter": 100000,
  "best_ckpt_path": "/workspace/exp_ips_github/logs/100k_muon_lr/lego/aux-sign-auto-cos-inc/lr0p0003_decay100_mlr0.0003_args/lego_aux-sign-auto-cos-inc_100k_muonlr0p0032797262_adam0p0005110569_decay386_trial020/best.tar",
  "lrate": 0.000511056882002473,
  "muon_lrate": 0.003279726192347939,
  "expname": "lego_aux-sign-auto-cos-inc_100k_muonlr0p0032797262_adam0p0005110569_decay386_trial020",
  "N_iters": 100000,
  "eval_every": 5000,
  "max_eval_views": 2,
  "elapsed_sec": 7687.6333084106445,
  "optimizer": "aux-sign-auto-cos-inc",
  "seed": 0
}