{
  "best_val_psnr": 33.763145446777344,
  "best_iter": 100000,
  "best_ckpt_path": "/workspace/exp_ips_github/logs/100k_muon_lr/chair/aux-sign-auto-cos-inc/lr0p0003_decay100_mlr0.0003_args/chair_aux-sign-auto-cos-inc_100k_muonlr0p0031825464_adam0p0005561917_decay327_trial017/best.tar",
  "lrate": 0.0005561916500107951,
  "muon_lrate": 0.003182546379866163,
  "expname": "chair_aux-sign-auto-cos-inc_100k_muonlr0p0031825464_adam0p0005561917_decay327_trial017",
  "N_iters": 100000,
  "eval_every": 5000,
  "max_eval_views": 2,
  "elapsed_sec": 7606.104822635651,
  "optimizer": "aux-sign-auto-cos-inc",
  "seed": 0
}