{
  "best_val_psnr": 27.324993133544922,
  "best_iter": 100000,
  "best_ckpt_path": "/workspace/exp_ips_github/logs/100k_muon_lr/drums/aux-sign-auto-cos-inc/lr0p0003_decay100_mlr0.0003_args/drums_aux-sign-auto-cos-inc_100k_muonlr0p000652304_adam0p0016620521_decay225_trial013/best.tar",
  "lrate": 0.001662052070515544,
  "muon_lrate": 0.0006523039702489399,
  "expname": "drums_aux-sign-auto-cos-inc_100k_muonlr0p000652304_adam0p0016620521_decay225_trial013",
  "N_iters": 100000,
  "eval_every": 5000,
  "max_eval_views": 2,
  "elapsed_sec": 8012.691390037537,
  "optimizer": "aux-sign-auto-cos-inc",
  "seed": 0
}