{
  "best_val_psnr": 32.059391021728516,
  "best_iter": 100000,
  "best_ckpt_path": "/workspace/exp_ips_github/logs/100k_muon_lr/mic/aux-sign-auto-cos-inc/lr0p0003_decay100_mlr0.0003_args/mic_aux-sign-auto-cos-inc_100k_muonlr0p0030516485_adam0p0023489621_decay222_trial011/best.tar",
  "lrate": 0.002348962062400182,
  "muon_lrate": 0.0030516484924265896,
  "expname": "mic_aux-sign-auto-cos-inc_100k_muonlr0p0030516485_adam0p0023489621_decay222_trial011",
  "N_iters": 100000,
  "eval_every": 5000,
  "max_eval_views": 2,
  "elapsed_sec": 8118.406683921814,
  "optimizer": "aux-sign-auto-cos-inc",
  "seed": 0
}