{
  "best_val_psnr": 29.25059700012207,
  "best_iter": 100000,
  "best_ckpt_path": "/workspace/exp_ips_github/logs/100k_muon_lr/materials/aux-sign-auto-cos-inc/lr0p0003_decay100_mlr0.0003_args/materials_aux-sign-auto-cos-inc_100k_muonlr0p0005033239_adam0p0005343202_decay343_trial021/best.tar",
  "lrate": 0.0005343201811540668,
  "muon_lrate": 0.0005033238618699992,
  "expname": "materials_aux-sign-auto-cos-inc_100k_muonlr0p0005033239_adam0p0005343202_decay343_trial021",
  "N_iters": 100000,
  "eval_every": 5000,
  "max_eval_views": 2,
  "elapsed_sec": 7689.980513811111,
  "optimizer": "aux-sign-auto-cos-inc",
  "seed": 0
}