{
  "best_val_psnr": 30.782888412475586,
  "best_iter": 100000,
  "best_ckpt_path": "/home/greenx9/nerf-pytorch/exp_ips_github/logs/100k_muon_lr/ship/aux-sign-auto-cos-inc/lr0p0003_decay100_mlr0.0003_args/ship_aux-sign-auto-cos-inc_100k_muonlr0p0045141023_adam0p0008216909_decay457_trial002/best.tar",
  "lrate": 0.0008216908785704095,
  "muon_lrate": 0.004514102265895567,
  "expname": "ship_aux-sign-auto-cos-inc_100k_muonlr0p0045141023_adam0p0008216909_decay457_trial002",
  "N_iters": 100000,
  "eval_every": 5000,
  "max_eval_views": 2,
  "elapsed_sec": 13390.796789169312,
  "optimizer": "aux-sign-auto-cos-inc",
  "seed": 0
}