{
  "best_val_psnr": 30.126778602600098,
  "best_iter": 100000,
  "best_ckpt_path": "/home/greenx9/nerf-pytorch/exp_ips_github/logs/100k_muon_lr/mic/aux-sign-auto-cos-inc/lr0p0003_decay100_mlr0.0003_args/mic_aux-sign-auto-cos-inc_100k_muonlr0p0003636926_adam0p0003141717_decay227_trial008/best.tar",
  "lrate": 0.00031417172594439365,
  "muon_lrate": 0.0003636925892547774,
  "expname": "mic_aux-sign-auto-cos-inc_100k_muonlr0p0003636926_adam0p0003141717_decay227_trial008",
  "N_iters": 100000,
  "eval_every": 5000,
  "max_eval_views": 2,
  "elapsed_sec": 12591.444749832153,
  "optimizer": "aux-sign-auto-cos-inc",
  "seed": 0
}