{
  "best_val_psnr": 29.417705535888672,
  "best_iter": 100000,
  "best_ckpt_path": "/home/greenx9/nerf-pytorch/exp_ips_github/logs/100k_muon_lr/ficus/aux-sign-auto-cos-inc/lr0p0003_decay100_mlr0.0003_args/ficus_aux-sign-auto-cos-inc_100k_muonlr0p0019739948_adam0p0003498388_decay376_trial012/best.tar",
  "lrate": 0.00034983882527239615,
  "muon_lrate": 0.0019739948242649733,
  "expname": "ficus_aux-sign-auto-cos-inc_100k_muonlr0p0019739948_adam0p0003498388_decay376_trial012",
  "N_iters": 100000,
  "eval_every": 5000,
  "max_eval_views": 2,
  "elapsed_sec": 12448.766815423965,
  "optimizer": "aux-sign-auto-cos-inc",
  "seed": 0
}