{
  "best_val_psnr": 32.11460304260254,
  "best_iter": 100000,
  "best_ckpt_path": "/home/greenx9/nerf-pytorch/exp_ips_github/logs/100k_muon_lr/mic/aux-sign-auto-cos-inc/lr0p0003_decay100_mlr0.0003_args/mic_aux-sign-auto-cos-inc_100k_muonlr0p0018463166_adam0p0010519726_decay269_trial003/best.tar",
  "lrate": 0.0010519726230559959,
  "muon_lrate": 0.001846316577722323,
  "expname": "mic_aux-sign-auto-cos-inc_100k_muonlr0p0018463166_adam0p0010519726_decay269_trial003",
  "N_iters": 100000,
  "eval_every": 5000,
  "max_eval_views": 2,
  "elapsed_sec": 13006.263454914093,
  "optimizer": "aux-sign-auto-cos-inc",
  "seed": 0
}