{
  "best_val_psnr": 32.06473350524902,
  "best_iter": 100000,
  "best_ckpt_path": "/workspace/exp_ips_github/logs/100k_muon_lr/mic/aux-sign-auto-cos-inc/lr0p0003_decay100_mlr0.0003_args/mic_aux-sign-auto-cos-inc_100k_muonlr0p0015121013_adam0p0013437218_decay195_trial019/best.tar",
  "lrate": 0.001343721777503784,
  "muon_lrate": 0.0015121012623112045,
  "expname": "mic_aux-sign-auto-cos-inc_100k_muonlr0p0015121013_adam0p0013437218_decay195_trial019",
  "N_iters": 100000,
  "eval_every": 5000,
  "max_eval_views": 2,
  "elapsed_sec": 8120.736528158188,
  "optimizer": "aux-sign-auto-cos-inc",
  "seed": 0
}