{
  "best_val_psnr": 32.11516571044922,
  "best_iter": 100000,
  "best_ckpt_path": "/home/greenx9/nerf-pytorch/exp_ips_github/logs/100k_muon_lr/mic/aux-sign-auto-cos-inc/lr0p0003_decay100_mlr0.0003_args/mic_aux-sign-auto-cos-inc_100k_muonlr0p0024331892_adam0p0005646538_decay238_trial012/best.tar",
  "lrate": 0.0005646537647516755,
  "muon_lrate": 0.0024331891771541534,
  "expname": "mic_aux-sign-auto-cos-inc_100k_muonlr0p0024331892_adam0p0005646538_decay238_trial012",
  "N_iters": 100000,
  "eval_every": 5000,
  "max_eval_views": 2,
  "elapsed_sec": 12543.997980117798,
  "optimizer": "aux-sign-auto-cos-inc",
  "seed": 0
}