{
  "best_val_psnr": 33.7674674987793,
  "best_iter": 100000,
  "best_ckpt_path": "/workspace/exp_ips_github/logs/100k_muon_lr/chair/aux-sign-auto-cos-inc/lr0p0003_decay100_mlr0.0003_args/chair_aux-sign-auto-cos-inc_100k_muonlr0p0027751886_adam0p0005277845_decay315_trial016/best.tar",
  "lrate": 0.0005277844900146941,
  "muon_lrate": 0.0027751886226705332,
  "expname": "chair_aux-sign-auto-cos-inc_100k_muonlr0p0027751886_adam0p0005277845_decay315_trial016",
  "N_iters": 100000,
  "eval_every": 5000,
  "max_eval_views": 2,
  "elapsed_sec": 7629.316848754883,
  "optimizer": "aux-sign-auto-cos-inc",
  "seed": 0
}