{
  "best_val_psnr": 38.91671562194824,
  "best_iter": 100000,
  "best_ckpt_path": "/home/greenx9/nerf-pytorch/exp_ips_github/logs/100k_muon_lr/hotdog/aux-sign-auto-cos-inc/lr0p0003_decay100_mlr0.0003_args/hotdog_aux-sign-auto-cos-inc_100k_muonlr0p0024644106_adam0p0017902278_decay280_trial015/best.tar",
  "lrate": 0.0017902277711364593,
  "muon_lrate": 0.0024644105691429435,
  "expname": "hotdog_aux-sign-auto-cos-inc_100k_muonlr0p0024644106_adam0p0017902278_decay280_trial015",
  "N_iters": 100000,
  "eval_every": 5000,
  "max_eval_views": 2,
  "elapsed_sec": 12900.53011751175,
  "optimizer": "aux-sign-auto-cos-inc",
  "seed": 0
}