{
  "best_val_psnr": 30.323451042175293,
  "best_iter": 100000,
  "best_ckpt_path": "/workspace/exp_ips_github/logs/100k_muon_lr/materials/aux-sign-auto-cos-inc/lr0p0003_decay100_mlr0.0003_args/materials_aux-sign-auto-cos-inc_100k_muonlr0p0018463166_adam0p0010519726_decay269_trial003/best.tar",
  "lrate": 0.0010519726230559959,
  "muon_lrate": 0.001846316577722323,
  "expname": "materials_aux-sign-auto-cos-inc_100k_muonlr0p0018463166_adam0p0010519726_decay269_trial003",
  "N_iters": 100000,
  "eval_every": 5000,
  "max_eval_views": 2,
  "elapsed_sec": 7687.898960590363,
  "optimizer": "aux-sign-auto-cos-inc",
  "seed": 0
}