{
  "best_val_psnr": 38.81279373168945,
  "best_iter": 100000,
  "best_ckpt_path": "/home/greenx9/nerf-pytorch/exp_ips_github/logs/100k_muon_lr/hotdog/aux-sign-auto-cos-inc/lr0p0003_decay100_mlr0.0003_args/hotdog_aux-sign-auto-cos-inc_100k_muonlr0p0020610805_adam0p0006321289_decay201_trial013/best.tar",
  "lrate": 0.0006321288935121226,
  "muon_lrate": 0.0020610804662823373,
  "expname": "hotdog_aux-sign-auto-cos-inc_100k_muonlr0p0020610805_adam0p0006321289_decay201_trial013",
  "N_iters": 100000,
  "eval_every": 5000,
  "max_eval_views": 2,
  "elapsed_sec": 13055.579733848572,
  "optimizer": "aux-sign-auto-cos-inc",
  "seed": 0
}