{
  "best_val_psnr": 30.70564556121826,
  "best_iter": 100000,
  "best_ckpt_path": "/workspace/exp_ips_github/logs/100k_muon_lr/lego/aux-sign-auto-cos-inc/lr0p0003_decay100_mlr0.0003_args/lego_aux-sign-auto-cos-inc_100k_muonlr0p0007306884_adam0p0017933424_decay261_trial011/best.tar",
  "lrate": 0.001793342400756751,
  "muon_lrate": 0.0007306883520538916,
  "expname": "lego_aux-sign-auto-cos-inc_100k_muonlr0p0007306884_adam0p0017933424_decay261_trial011",
  "N_iters": 100000,
  "eval_every": 5000,
  "max_eval_views": 2,
  "elapsed_sec": 7670.893639326096,
  "optimizer": "aux-sign-auto-cos-inc",
  "seed": 0
}