{
  "best_val_psnr": 28.878260612487793,
  "best_iter": 100000,
  "best_ckpt_path": "/home/greenx9/nerf-pytorch/exp_ips_github/logs/100k_muon_lr/ficus/aux-sign-auto-cos-inc/lr0p0003_decay100_mlr0.0003_args/ficus_aux-sign-auto-cos-inc_100k_muonlr0p000619123_adam0p0026169377_decay155_trial005/best.tar",
  "lrate": 0.002616937682010607,
  "muon_lrate": 0.0006191229698148474,
  "expname": "ficus_aux-sign-auto-cos-inc_100k_muonlr0p000619123_adam0p0026169377_decay155_trial005",
  "N_iters": 100000,
  "eval_every": 5000,
  "max_eval_views": 2,
  "elapsed_sec": 12487.615064620972,
  "optimizer": "aux-sign-auto-cos-inc",
  "seed": 0
}