{
  "best_val_psnr": 27.82590961456299,
  "best_iter": 100000,
  "best_ckpt_path": "/workspace/exp_ips_github/logs/100k_muon_lr/drums/aux-sign-auto-cos-inc/lr0p0003_decay100_mlr0.0003_args/drums_aux-sign-auto-cos-inc_100k_muonlr0p0029260109_adam0p0025513005_decay307_trial006/best.tar",
  "lrate": 0.0025513004740846646,
  "muon_lrate": 0.002926010906487721,
  "expname": "drums_aux-sign-auto-cos-inc_100k_muonlr0p0029260109_adam0p0025513005_decay307_trial006",
  "N_iters": 100000,
  "eval_every": 5000,
  "max_eval_views": 2,
  "elapsed_sec": 8003.801691770554,
  "optimizer": "aux-sign-auto-cos-inc",
  "seed": 0
}