{
  "best_val_psnr": 26.381942749023438,
  "best_iter": 100000,
  "best_ckpt_path": "/workspace/exp_ips_github/logs/100k_muon_lr/drums/aux-sign-auto-cos-inc/lr0p0003_decay100_mlr0.0003_args/drums_aux-sign-auto-cos-inc_100k_muonlr0p0003547221_adam0p0004900524_decay489_trial007/best.tar",
  "lrate": 0.0004900524124859565,
  "muon_lrate": 0.00035472207152279894,
  "expname": "drums_aux-sign-auto-cos-inc_100k_muonlr0p0003547221_adam0p0004900524_decay489_trial007",
  "N_iters": 100000,
  "eval_every": 5000,
  "max_eval_views": 2,
  "elapsed_sec": 8040.045859098434,
  "optimizer": "aux-sign-auto-cos-inc",
  "seed": 0
}