{
  "best_val_psnr": 28.93039608001709,
  "best_iter": 100000,
  "best_ckpt_path": "/workspace/exp_ips_github/logs/100k_muon_lr/materials/aux-sign-auto-cos-inc/lr0p0003_decay100_mlr0.0003_args/materials_aux-sign-auto-cos-inc_100k_muonlr0p0003663672_adam0p0011095984_decay471_trial006/best.tar",
  "lrate": 0.0011095983846308643,
  "muon_lrate": 0.0003663671900803624,
  "expname": "materials_aux-sign-auto-cos-inc_100k_muonlr0p0003663672_adam0p0011095984_decay471_trial006",
  "N_iters": 100000,
  "eval_every": 5000,
  "max_eval_views": 2,
  "elapsed_sec": 7689.281238079071,
  "optimizer": "aux-sign-auto-cos-inc",
  "seed": 0
}