{
  "best_val_psnr": 27.825663566589355,
  "best_iter": 100000,
  "best_ckpt_path": "/workspace/exp_ips_github/logs/100k_muon_lr/drums/aux-sign-auto-cos-inc/lr0p0003_decay100_mlr0.0003_args/drums_aux-sign-auto-cos-inc_100k_muonlr0p0024452877_adam0p0005607768_decay237_trial012/best.tar",
  "lrate": 0.0005607767698867578,
  "muon_lrate": 0.002445287720495803,
  "expname": "drums_aux-sign-auto-cos-inc_100k_muonlr0p0024452877_adam0p0005607768_decay237_trial012",
  "N_iters": 100000,
  "eval_every": 5000,
  "max_eval_views": 2,
  "elapsed_sec": 7595.95793223381,
  "optimizer": "aux-sign-auto-cos-inc",
  "seed": 0
}