{
  "best_val_psnr": 27.441588401794434,
  "best_iter": 100000,
  "best_ckpt_path": "/workspace/exp_ips_github/logs/100k_muon_lr/drums/aux-sign-auto-cos-inc/lr0p0003_decay100_mlr0.0003_args/drums_aux-sign-auto-cos-inc_100k_muonlr0p000730836_adam0p0021399817_decay284_trial008/best.tar",
  "lrate": 0.0021399816882859174,
  "muon_lrate": 0.0007308359664212255,
  "expname": "drums_aux-sign-auto-cos-inc_100k_muonlr0p000730836_adam0p0021399817_decay284_trial008",
  "N_iters": 100000,
  "eval_every": 5000,
  "max_eval_views": 2,
  "elapsed_sec": 7784.544810295105,
  "optimizer": "aux-sign-auto-cos-inc",
  "seed": 0
}