{
  "best_val_psnr": 32.04685401916504,
  "best_iter": 100000,
  "best_ckpt_path": "/workspace/exp_ips_github/logs/100k_muon_lr/mic/aux-sign-auto-cos-inc/lr0p0003_decay100_mlr0.0003_args/mic_aux-sign-auto-cos-inc_100k_muonlr0p0021471941_adam0p0016063663_decay223_trial017/best.tar",
  "lrate": 0.0016063662919936054,
  "muon_lrate": 0.002147194142028588,
  "expname": "mic_aux-sign-auto-cos-inc_100k_muonlr0p0021471941_adam0p0016063663_decay223_trial017",
  "N_iters": 100000,
  "eval_every": 5000,
  "max_eval_views": 2,
  "elapsed_sec": 8038.631241559982,
  "optimizer": "aux-sign-auto-cos-inc",
  "seed": 0
}