{
  "best_val_psnr": 32.041462898254395,
  "best_iter": 100000,
  "best_ckpt_path": "/workspace/exp_ips_github/logs/100k_muon_lr/mic/aux-sign-auto-cos-inc/lr0p0003_decay100_mlr0.0003_args/mic_aux-sign-auto-cos-inc_100k_muonlr0p0032007451_adam0p0003141717_decay333_trial006/best.tar",
  "lrate": 0.0003141717259443931,
  "muon_lrate": 0.003200745117531501,
  "expname": "mic_aux-sign-auto-cos-inc_100k_muonlr0p0032007451_adam0p0003141717_decay333_trial006",
  "N_iters": 100000,
  "eval_every": 5000,
  "max_eval_views": 2,
  "elapsed_sec": 8030.763975143433,
  "optimizer": "aux-sign-auto-cos-inc",
  "seed": 0
}