{
  "best_val_psnr": 33.46543502807617,
  "best_iter": 100000,
  "best_ckpt_path": "/workspace/exp_ips_github/logs/100k_muon_lr/chair/aux-sign-auto-cos-inc/lr0p0003_decay100_mlr0.0003_args/chair_aux-sign-auto-cos-inc_100k_muonlr0p0012411817_adam0p0021137045_decay243_trial021/best.tar",
  "lrate": 0.0021137045139821564,
  "muon_lrate": 0.0012411817260249047,
  "expname": "chair_aux-sign-auto-cos-inc_100k_muonlr0p0012411817_adam0p0021137045_decay243_trial021",
  "N_iters": 100000,
  "eval_every": 5000,
  "max_eval_views": 2,
  "elapsed_sec": 7618.942889690399,
  "optimizer": "aux-sign-auto-cos-inc",
  "seed": 0
}