{
  "best_val_psnr": 38.84865760803223,
  "best_iter": 100000,
  "best_ckpt_path": "/home/greenx9/nerf-pytorch/exp_ips_github/logs/100k_muon_lr/hotdog/aux-sign-auto-cos-inc/lr0p0003_decay100_mlr0.0003_args/hotdog_aux-sign-auto-cos-inc_100k_muonlr0p0019810483_adam0p0015750528_decay326_trial012/best.tar",
  "lrate": 0.0015750527540490304,
  "muon_lrate": 0.0019810483107722482,
  "expname": "hotdog_aux-sign-auto-cos-inc_100k_muonlr0p0019810483_adam0p0015750528_decay326_trial012",
  "N_iters": 100000,
  "eval_every": 5000,
  "max_eval_views": 2,
  "elapsed_sec": 12723.218420505524,
  "optimizer": "aux-sign-auto-cos-inc",
  "seed": 0
}