{
  "best_val_psnr": 38.68111801147461,
  "best_iter": 100000,
  "best_ckpt_path": "/home/greenx9/nerf-pytorch/exp_ips_github/logs/100k_muon_lr/hotdog/aux-sign-auto-cos-inc/lr0p0003_decay100_mlr0.0003_args/hotdog_aux-sign-auto-cos-inc_100k_muonlr0p0015810305_adam0p0004392623_decay402_trial014/best.tar",
  "lrate": 0.00043926227520300594,
  "muon_lrate": 0.0015810304722280928,
  "expname": "hotdog_aux-sign-auto-cos-inc_100k_muonlr0p0015810305_adam0p0004392623_decay402_trial014",
  "N_iters": 100000,
  "eval_every": 5000,
  "max_eval_views": 2,
  "elapsed_sec": 12927.415730714798,
  "optimizer": "aux-sign-auto-cos-inc",
  "seed": 0
}