{
  "best_val_psnr": 31.715699195861816,
  "best_iter": 100000,
  "best_ckpt_path": "/workspace/exp_ips_github/logs/100k_muon_lr/lego/aux-sign-auto-cos-inc/lr0p0003_decay100_mlr0.0003_args/lego_aux-sign-auto-cos-inc_100k_muonlr0p002664786_adam0p0029582881_decay230_trial010/best.tar",
  "lrate": 0.002958288139689019,
  "muon_lrate": 0.0026647860197380052,
  "expname": "lego_aux-sign-auto-cos-inc_100k_muonlr0p002664786_adam0p0029582881_decay230_trial010",
  "N_iters": 100000,
  "eval_every": 5000,
  "max_eval_views": 2,
  "elapsed_sec": 7705.427065372467,
  "optimizer": "aux-sign-auto-cos-inc",
  "seed": 0
}