{
  "best_val_psnr": 31.731127738952637,
  "best_iter": 100000,
  "best_ckpt_path": "/workspace/exp_ips_github/logs/100k_muon_lr/lego/aux-sign-auto-cos-inc/lr0p0003_decay100_mlr0.0003_args/lego_aux-sign-auto-cos-inc_100k_muonlr0p0027620996_adam0p0005486193_decay344_trial014/best.tar",
  "lrate": 0.0005486193148614769,
  "muon_lrate": 0.0027620995844255215,
  "expname": "lego_aux-sign-auto-cos-inc_100k_muonlr0p0027620996_adam0p0005486193_decay344_trial014",
  "N_iters": 100000,
  "eval_every": 5000,
  "max_eval_views": 2,
  "elapsed_sec": 7701.323727607727,
  "optimizer": "aux-sign-auto-cos-inc",
  "seed": 0
}