{
  "best_val_psnr": 38.84951210021973,
  "best_iter": 100000,
  "best_ckpt_path": "/home/greenx9/nerf-pytorch/exp_ips_github/logs/100k_muon_lr/hotdog/aux-sign-auto-cos-inc/lr0p0003_decay100_mlr0.0003_args/hotdog_aux-sign-auto-cos-inc_100k_muonlr0p0027592053_adam0p0008216909_decay457_trial002/best.tar",
  "lrate": 0.0008216908785704095,
  "muon_lrate": 0.0027592052977704327,
  "expname": "hotdog_aux-sign-auto-cos-inc_100k_muonlr0p0027592053_adam0p0008216909_decay457_trial002",
  "N_iters": 100000,
  "eval_every": 5000,
  "max_eval_views": 2,
  "elapsed_sec": 12600.254756689072,
  "optimizer": "aux-sign-auto-cos-inc",
  "seed": 0
}