{
  "best_val_psnr": 33.066083908081055,
  "best_iter": 100000,
  "best_ckpt_path": "/workspace/exp_ips_github/logs/100k_muon_lr/chair/aux-sign-auto-cos-inc/lr0p0003_decay100_mlr0.0003_args/chair_aux-sign-auto-cos-inc_100k_muonlr0p0009758188_adam0p0004710972_decay289_trial018/best.tar",
  "lrate": 0.00047109722161735773,
  "muon_lrate": 0.000975818809731254,
  "expname": "chair_aux-sign-auto-cos-inc_100k_muonlr0p0009758188_adam0p0004710972_decay289_trial018",
  "N_iters": 100000,
  "eval_every": 5000,
  "max_eval_views": 2,
  "elapsed_sec": 7615.0417540073395,
  "optimizer": "aux-sign-auto-cos-inc",
  "seed": 0
}