{
  "best_val_psnr": 32.174278259277344,
  "best_iter": 100000,
  "best_ckpt_path": "/workspace/exp_ips_github/logs/100k_muon_lr/mic/aux-sign-auto-cos-inc/lr0p0003_decay100_mlr0.0003_args/mic_aux-sign-auto-cos-inc_100k_muonlr0p0021847067_adam0p0018210068_decay102_trial013/best.tar",
  "lrate": 0.0018210067889664417,
  "muon_lrate": 0.002184706701311294,
  "expname": "mic_aux-sign-auto-cos-inc_100k_muonlr0p0021847067_adam0p0018210068_decay102_trial013",
  "N_iters": 100000,
  "eval_every": 5000,
  "max_eval_views": 2,
  "elapsed_sec": 8061.210464954376,
  "optimizer": "aux-sign-auto-cos-inc",
  "seed": 0
}