{
  "best_val_psnr": 27.84610939025879,
  "best_iter": 100000,
  "best_ckpt_path": "/workspace/exp_ips_github/logs/100k_muon_lr/drums/aux-sign-auto-cos-inc/lr0p0003_decay100_mlr0.0003_args/drums_aux-sign-auto-cos-inc_100k_muonlr0p0016353358_adam0p0010615361_decay386_trial001/best.tar",
  "lrate": 0.0010615360772719654,
  "muon_lrate": 0.001635335754309247,
  "expname": "drums_aux-sign-auto-cos-inc_100k_muonlr0p0016353358_adam0p0010615361_decay386_trial001",
  "N_iters": 100000,
  "eval_every": 5000,
  "max_eval_views": 2,
  "elapsed_sec": 7590.326076745987,
  "optimizer": "aux-sign-auto-cos-inc",
  "seed": 0
}