{
  "best_val_psnr": 30.53233242034912,
  "best_iter": 100000,
  "best_ckpt_path": "/workspace/exp_ips_github/logs/100k_muon_lr/lego/aux-sign-auto-cos-inc/lr0p0003_decay100_mlr0.0003_args/lego_aux-sign-auto-cos-inc_100k_muonlr0p000774972_adam0p0005544297_decay333_trial015/best.tar",
  "lrate": 0.0005544297183442984,
  "muon_lrate": 0.0007749719562484655,
  "expname": "lego_aux-sign-auto-cos-inc_100k_muonlr0p000774972_adam0p0005544297_decay333_trial015",
  "N_iters": 100000,
  "eval_every": 5000,
  "max_eval_views": 2,
  "elapsed_sec": 7680.89110660553,
  "optimizer": "aux-sign-auto-cos-inc",
  "seed": 0
}