{
  "best_val_psnr": 31.306309700012207,
  "best_iter": 100000,
  "best_ckpt_path": "/workspace/exp_ips_github/logs/100k_muon_lr/mic/aux-sign-auto-cos-inc/lr0p0003_decay100_mlr0.0003_args/mic_aux-sign-auto-cos-inc_100k_muonlr0p0007427959_adam0p000527462_decay362_trial009/best.tar",
  "lrate": 0.0005274619629180792,
  "muon_lrate": 0.0007427959330444403,
  "expname": "mic_aux-sign-auto-cos-inc_100k_muonlr0p0007427959_adam0p000527462_decay362_trial009",
  "N_iters": 100000,
  "eval_every": 5000,
  "max_eval_views": 2,
  "elapsed_sec": 7991.832153558731,
  "optimizer": "aux-sign-auto-cos-inc",
  "seed": 0
}