{
  "best_val_psnr": 32.03940296173096,
  "best_iter": 100000,
  "best_ckpt_path": "/workspace/exp_ips_github/logs/100k_muon_lr/mic/aux-sign-auto-cos-inc/lr0p0003_decay100_mlr0.0003_args/mic_aux-sign-auto-cos-inc_100k_muonlr0p0026734162_adam0p000346455_decay182_trial008/best.tar",
  "lrate": 0.00034645495989959747,
  "muon_lrate": 0.002673416226239343,
  "expname": "mic_aux-sign-auto-cos-inc_100k_muonlr0p0026734162_adam0p000346455_decay182_trial008",
  "N_iters": 100000,
  "eval_every": 5000,
  "max_eval_views": 2,
  "elapsed_sec": 8089.348213195801,
  "optimizer": "aux-sign-auto-cos-inc",
  "seed": 0
}