{
  "best_val_psnr": 30.99780559539795,
  "best_iter": 100000,
  "best_ckpt_path": "/home/greenx9/nerf-pytorch/exp_ips_github/logs/100k_muon_lr/ship/aux-sign-auto-cos-inc/lr0p0003_decay100_mlr0.0003_args/ship_aux-sign-auto-cos-inc_100k_muonlr0p003623295_adam0p0026169377_decay159_trial005/best.tar",
  "lrate": 0.002616937682010607,
  "muon_lrate": 0.003623295039993152,
  "expname": "ship_aux-sign-auto-cos-inc_100k_muonlr0p003623295_adam0p0026169377_decay159_trial005",
  "N_iters": 100000,
  "eval_every": 5000,
  "max_eval_views": 2,
  "elapsed_sec": 12569.822968482971,
  "optimizer": "aux-sign-auto-cos-inc",
  "seed": 0
}