{
  "best_val_psnr": 31.596019744873047,
  "best_iter": 100000,
  "best_ckpt_path": "/workspace/exp_ips_github/logs/100k_muon_lr/lego/aux-sign-auto-cos-inc/lr0p0003_decay100_mlr0.0003_args/lego_aux-sign-auto-cos-inc_100k_muonlr0p0023376232_adam0p0003662927_decay215_trial012/best.tar",
  "lrate": 0.00036629270902562624,
  "muon_lrate": 0.0023376231744957465,
  "expname": "lego_aux-sign-auto-cos-inc_100k_muonlr0p0023376232_adam0p0003662927_decay215_trial012",
  "N_iters": 100000,
  "eval_every": 5000,
  "max_eval_views": 2,
  "elapsed_sec": 7705.556177616119,
  "optimizer": "aux-sign-auto-cos-inc",
  "seed": 0
}