{
  "best_val_psnr": 27.96424674987793,
  "best_iter": 100000,
  "best_ckpt_path": "/workspace/exp_ips_github/logs/100k_muon_lr/drums/aux-sign-auto-cos-inc/lr0p0003_decay100_mlr0.0003_args/drums_aux-sign-auto-cos-inc_100k_muonlr0p0017671529_adam0p002174216_decay121_trial008/best.tar",
  "lrate": 0.0021742159536866593,
  "muon_lrate": 0.00176715285719548,
  "expname": "drums_aux-sign-auto-cos-inc_100k_muonlr0p0017671529_adam0p002174216_decay121_trial008",
  "N_iters": 100000,
  "eval_every": 5000,
  "max_eval_views": 2,
  "elapsed_sec": 7986.602875947952,
  "optimizer": "aux-sign-auto-cos-inc",
  "seed": 0
}