{
  "best_val_psnr": 27.33734130859375,
  "best_iter": 100000,
  "best_ckpt_path": "/workspace/exp_ips_github/logs/100k_muon_lr/drums/aux-sign-auto-cos-inc/lr0p0003_decay100_mlr0.0003_args/drums_aux-sign-auto-cos-inc_100k_muonlr0p0006653257_adam0p0018674468_decay199_trial015/best.tar",
  "lrate": 0.0018674468257162972,
  "muon_lrate": 0.0006653257145082276,
  "expname": "drums_aux-sign-auto-cos-inc_100k_muonlr0p0006653257_adam0p0018674468_decay199_trial015",
  "N_iters": 100000,
  "eval_every": 5000,
  "max_eval_views": 2,
  "elapsed_sec": 8042.953224658966,
  "optimizer": "aux-sign-auto-cos-inc",
  "seed": 0
}