{
  "best_val_psnr": 31.394965171813965,
  "best_iter": 100000,
  "best_ckpt_path": "/home/greenx9/nerf-pytorch/exp_ips_github/logs/100k_muon_lr/ship/aux-sign-auto-cos-inc/lr0p0003_decay100_mlr0.0003_args/ship_aux-sign-auto-cos-inc_100k_muonlr0p002353186_adam0p0004536829_decay104_trial008/best.tar",
  "lrate": 0.000453682908579571,
  "muon_lrate": 0.0023531859828563972,
  "expname": "ship_aux-sign-auto-cos-inc_100k_muonlr0p002353186_adam0p0004536829_decay104_trial008",
  "N_iters": 100000,
  "eval_every": 5000,
  "max_eval_views": 2,
  "elapsed_sec": 12635.27172613144,
  "optimizer": "aux-sign-auto-cos-inc",
  "seed": 0
}