{
  "best_val_psnr": 30.347941398620605,
  "best_iter": 100000,
  "best_ckpt_path": "/workspace/exp_ips_github/logs/100k_muon_lr/materials/aux-sign-auto-cos-inc/lr0p0003_decay100_mlr0.0003_args/materials_aux-sign-auto-cos-inc_100k_muonlr0p0020441557_adam0p0014608582_decay290_trial017/best.tar",
  "lrate": 0.0014608581766190028,
  "muon_lrate": 0.0020441557254476405,
  "expname": "materials_aux-sign-auto-cos-inc_100k_muonlr0p0020441557_adam0p0014608582_decay290_trial017",
  "N_iters": 100000,
  "eval_every": 5000,
  "max_eval_views": 2,
  "elapsed_sec": 7690.446601629257,
  "optimizer": "aux-sign-auto-cos-inc",
  "seed": 0
}