{
  "best_val_psnr": 30.455695152282715,
  "best_iter": 100000,
  "best_ckpt_path": "/workspace/exp_ips_github/logs/100k_muon_lr/materials/aux-sign-auto-cos-inc/lr0p0003_decay100_mlr0.0003_args/materials_aux-sign-auto-cos-inc_100k_muonlr0p003623295_adam0p0026169377_decay159_trial007/best.tar",
  "lrate": 0.002616937682010605,
  "muon_lrate": 0.003623295039993152,
  "expname": "materials_aux-sign-auto-cos-inc_100k_muonlr0p003623295_adam0p0026169377_decay159_trial007",
  "N_iters": 100000,
  "eval_every": 5000,
  "max_eval_views": 2,
  "elapsed_sec": 7717.26106262207,
  "optimizer": "aux-sign-auto-cos-inc",
  "seed": 0
}