{
  "best_val_psnr": 31.821602821350098,
  "best_iter": 100000,
  "best_ckpt_path": "/home/greenx9/nerf-pytorch/exp_ips_github/logs/100k_muon_lr/mic/aux-sign-auto-cos-inc/lr0p0003_decay100_mlr0.0003_args/mic_aux-sign-auto-cos-inc_100k_muonlr0p0013284672_adam0p0007253753_decay417_trial005/best.tar",
  "lrate": 0.0007253753172998836,
  "muon_lrate": 0.001328467245876384,
  "expname": "mic_aux-sign-auto-cos-inc_100k_muonlr0p0013284672_adam0p0007253753_decay417_trial005",
  "N_iters": 100000,
  "eval_every": 5000,
  "max_eval_views": 2,
  "elapsed_sec": 12963.196943998337,
  "optimizer": "aux-sign-auto-cos-inc",
  "seed": 0
}