{
  "best_val_psnr": 31.944536209106445,
  "best_iter": 100000,
  "best_ckpt_path": "/workspace/exp_ips_github/logs/100k_muon_lr/mic/aux-sign-auto-cos-inc/lr0p0003_decay100_mlr0.0003_args/mic_aux-sign-auto-cos-inc_100k_muonlr0p0013284672_adam0p0007253753_decay417_trial003/best.tar",
  "lrate": 0.0007253753172998836,
  "muon_lrate": 0.001328467245876384,
  "expname": "mic_aux-sign-auto-cos-inc_100k_muonlr0p0013284672_adam0p0007253753_decay417_trial003",
  "N_iters": 100000,
  "eval_every": 5000,
  "max_eval_views": 2,
  "elapsed_sec": 8093.181553602219,
  "optimizer": "aux-sign-auto-cos-inc",
  "seed": 0
}