{
  "best_val_psnr": 30.576931953430176,
  "best_iter": 100000,
  "best_ckpt_path": "/home/greenx9/nerf-pytorch/exp_ips_github/logs/100k_muon_lr/ship/aux-sign-auto-cos-inc/lr0p0003_decay100_mlr0.0003_args/ship_aux-sign-auto-cos-inc_100k_muonlr0p0007928978_adam0p0005074228_decay188_trial010/best.tar",
  "lrate": 0.0005074227748601469,
  "muon_lrate": 0.0007928978254663852,
  "expname": "ship_aux-sign-auto-cos-inc_100k_muonlr0p0007928978_adam0p0005074228_decay188_trial010",
  "N_iters": 100000,
  "eval_every": 5000,
  "max_eval_views": 2,
  "elapsed_sec": 12608.429839611053,
  "optimizer": "aux-sign-auto-cos-inc",
  "seed": 0
}