{
  "best_val_psnr": 27.60716152191162,
  "best_iter": 100000,
  "best_ckpt_path": "/workspace/exp_ips_github/logs/100k_muon_lr/drums/aux-sign-auto-cos-inc/lr0p0003_decay100_mlr0.0003_args/drums_aux-sign-auto-cos-inc_100k_muonlr0p0009430527_adam0p0013195397_decay165_trial019/best.tar",
  "lrate": 0.0013195397324116162,
  "muon_lrate": 0.0009430526757093006,
  "expname": "drums_aux-sign-auto-cos-inc_100k_muonlr0p0009430527_adam0p0013195397_decay165_trial019",
  "N_iters": 100000,
  "eval_every": 5000,
  "max_eval_views": 2,
  "elapsed_sec": 8010.714179754257,
  "optimizer": "aux-sign-auto-cos-inc",
  "seed": 0
}