{
  "best_val_psnr": 30.85697078704834,
  "best_iter": 100000,
  "best_ckpt_path": "/workspace/exp_ips_github/logs/100k_muon_lr/lego/aux-sign-auto-cos-inc/lr0p0003_decay100_mlr0.0003_args/lego_aux-sign-auto-cos-inc_100k_muonlr0p0009758188_adam0p0005344112_decay361_trial018/best.tar",
  "lrate": 0.0005344111979610472,
  "muon_lrate": 0.000975818809731254,
  "expname": "lego_aux-sign-auto-cos-inc_100k_muonlr0p0009758188_adam0p0005344112_decay361_trial018",
  "N_iters": 100000,
  "eval_every": 5000,
  "max_eval_views": 2,
  "elapsed_sec": 7708.265588998795,
  "optimizer": "aux-sign-auto-cos-inc",
  "seed": 0
}