{
  "best_val_psnr": 30.587380409240723,
  "best_iter": 100000,
  "best_ckpt_path": "/workspace/exp_ips_github/logs/100k_muon_lr/ship/aux-sign-auto-cos-inc/lr0p0003_decay100_mlr0.0003_args/ship_aux-sign-auto-cos-inc_100k_muonlr0p0007928978_adam0p0005074228_decay188_trial010/best.tar",
  "lrate": 0.0005074227748601463,
  "muon_lrate": 0.0007928978254663852,
  "expname": "ship_aux-sign-auto-cos-inc_100k_muonlr0p0007928978_adam0p0005074228_decay188_trial010",
  "N_iters": 100000,
  "eval_every": 5000,
  "max_eval_views": 2,
  "elapsed_sec": 8123.665303945541,
  "optimizer": "aux-sign-auto-cos-inc",
  "seed": 0
}