{
  "best_val_psnr": 33.73911476135254,
  "best_iter": 100000,
  "best_ckpt_path": "/workspace/exp_ips_github/logs/100k_muon_lr/chair/aux-sign-auto-cos-inc/lr0p0003_decay100_mlr0.0003_args/chair_aux-sign-auto-cos-inc_100k_muonlr0p0023820514_adam0p0003452105_decay207_trial013/best.tar",
  "lrate": 0.00034521047545471286,
  "muon_lrate": 0.002382051391802877,
  "expname": "chair_aux-sign-auto-cos-inc_100k_muonlr0p0023820514_adam0p0003452105_decay207_trial013",
  "N_iters": 100000,
  "eval_every": 5000,
  "max_eval_views": 2,
  "elapsed_sec": 7597.4893844127655,
  "optimizer": "aux-sign-auto-cos-inc",
  "seed": 0
}