{
  "best_val_psnr": 31.355178833007812,
  "best_iter": 100000,
  "best_ckpt_path": "/home/greenx9/nerf-pytorch/exp_ips_github/logs/100k_muon_lr/ship/aux-sign-auto-cos-inc/lr0p0003_decay100_mlr0.0003_args/ship_aux-sign-auto-cos-inc_100k_muonlr0p002313066_adam0p0005287504_decay314_trial011/best.tar",
  "lrate": 0.000528750432764932,
  "muon_lrate": 0.0023130659551536155,
  "expname": "ship_aux-sign-auto-cos-inc_100k_muonlr0p002313066_adam0p0005287504_decay314_trial011",
  "N_iters": 100000,
  "eval_every": 5000,
  "max_eval_views": 2,
  "elapsed_sec": 12600.527843475342,
  "optimizer": "aux-sign-auto-cos-inc",
  "seed": 0
}