{
  "best_val_psnr": 27.905085563659668,
  "best_iter": 100000,
  "best_ckpt_path": "/workspace/exp_ips_github/logs/100k_muon_lr/drums/aux-sign-auto-cos-inc/lr0p0003_decay100_mlr0.0003_args/drums_aux-sign-auto-cos-inc_100k_muonlr0p001737761_adam0p0015944806_decay200_trial012/best.tar",
  "lrate": 0.0015944805974740246,
  "muon_lrate": 0.0017377609738177513,
  "expname": "drums_aux-sign-auto-cos-inc_100k_muonlr0p001737761_adam0p0015944806_decay200_trial012",
  "N_iters": 100000,
  "eval_every": 5000,
  "max_eval_views": 2,
  "elapsed_sec": 8002.485554933548,
  "optimizer": "aux-sign-auto-cos-inc",
  "seed": 0
}