{
  "best_val_psnr": 38.89418601989746,
  "best_iter": 100000,
  "best_ckpt_path": "/home/greenx9/nerf-pytorch/exp_ips_github/logs/100k_muon_lr/hotdog/aux-sign-auto-cos-inc/lr0p0003_decay100_mlr0.0003_args/hotdog_aux-sign-auto-cos-inc_100k_muonlr0p0026909121_adam0p0003143806_decay155_trial005/best.tar",
  "lrate": 0.0003143805912215675,
  "muon_lrate": 0.0026909121249853807,
  "expname": "hotdog_aux-sign-auto-cos-inc_100k_muonlr0p0026909121_adam0p0003143806_decay155_trial005",
  "N_iters": 100000,
  "eval_every": 5000,
  "max_eval_views": 2,
  "elapsed_sec": 12638.304452419281,
  "optimizer": "aux-sign-auto-cos-inc",
  "seed": 0
}