{
  "best_val_psnr": 31.860929489135742,
  "best_iter": 100000,
  "best_ckpt_path": "/home/greenx9/nerf-pytorch/exp_ips_github/logs/100k_muon_lr/mic/aux-sign-auto-cos-inc/lr0p0003_decay100_mlr0.0003_args/mic_aux-sign-auto-cos-inc_100k_muonlr0p0045141023_adam0p0008216909_decay457_trial004/best.tar",
  "lrate": 0.0008216908785704095,
  "muon_lrate": 0.004514102265895567,
  "expname": "mic_aux-sign-auto-cos-inc_100k_muonlr0p0045141023_adam0p0008216909_decay457_trial004",
  "N_iters": 100000,
  "eval_every": 5000,
  "max_eval_views": 2,
  "elapsed_sec": 12664.747208118439,
  "optimizer": "aux-sign-auto-cos-inc",
  "seed": 0
}