{
  "best_val_psnr": 33.76314163208008,
  "best_iter": 100000,
  "best_ckpt_path": "/workspace/exp_ips_github/logs/100k_muon_lr/chair/aux-sign-auto-cos-inc/lr0p0003_decay100_mlr0.0003_args/chair_aux-sign-auto-cos-inc_100k_muonlr0p0018482376_adam0p0015111581_decay364_trial019/best.tar",
  "lrate": 0.0015111580624799824,
  "muon_lrate": 0.0018482376028003784,
  "expname": "chair_aux-sign-auto-cos-inc_100k_muonlr0p0018482376_adam0p0015111581_decay364_trial019",
  "N_iters": 100000,
  "eval_every": 5000,
  "max_eval_views": 2,
  "elapsed_sec": 7598.305052280426,
  "optimizer": "aux-sign-auto-cos-inc",
  "seed": 0
}