{
  "best_val_psnr": 33.67115592956543,
  "best_iter": 100000,
  "best_ckpt_path": "/workspace/exp_ips_github/logs/100k_muon_lr/chair/aux-sign-auto-cos-inc/lr0p0003_decay100_mlr0.0003_args/chair_aux-sign-auto-cos-inc_100k_muonlr0p003537968_adam0p0006892702_decay312_trial020/best.tar",
  "lrate": 0.0006892702226995792,
  "muon_lrate": 0.0035379679980789345,
  "expname": "chair_aux-sign-auto-cos-inc_100k_muonlr0p003537968_adam0p0006892702_decay312_trial020",
  "N_iters": 100000,
  "eval_every": 5000,
  "max_eval_views": 2,
  "elapsed_sec": 7621.385848045349,
  "optimizer": "aux-sign-auto-cos-inc",
  "seed": 0
}